Workbook
Name Slicer_Date: #N/A
Name Slicer_Region: #N/A

Sheet Sheet5
A20: Region | B20: Store_Name | C20: Sum of Profit | D20: Count of Store_ID | E20: Average of Profit_Margin | G20: Sum of Revenue | H20: Date
A21: East | B21: FM_Kol | C21: 34000 | D21: 25 | E21: 0.2 | G21: Category | H21: 46023 | I21: 46054 | J21: 46082 | K21: 46113 | L21: 46143 | M21: 46174 | N21: 46204 | O21: 46235 | P21: 46266 | Q21: 46296 | R21: Grand Total
A22: East Total | C22: 34000 | D22: 25 | E22: 0.2 | G22: Clothing | H22: 100000 | I22: 120000 | K22: 80000 | M22: 150000 | O22: 140000 | P22: 120000 | Q22: 160000 | R22: 870000
A23: North | B23: FM_Del | C23: 34000 | D23: 25 | E23: 0.2 | G23: Footwear | J23: 160000 | L23: 180000 | N23: 120000 | R23: 460000
B24: FM_Jaipur | C24: 32500 | D24: 25 | E24: 0.2 | G24: Grand Total | H24: 100000 | I24: 120000 | J24: 160000 | K24: 80000 | L24: 180000 | M24: 150000 | N24: 120000 | O24: 140000 | P24: 120000 | Q24: 160000 | R24: 1330000
A25: North Total | C25: 66500 | D25: 50 | E25: 0.2
A26: South | B26: FM_Blr | C26: 32500 | D26: 25 | E26: 0.2
B27: FM_Chennai | C27: 32500 | D27: 25 | E27: 0.2
B28: FM_Hyd | C28: 34000 | D28: 25 | E28: 0.2
A29: South Total | C29: 99000 | D29: 75 | E29: 0.2
A30: West | B30: FM_Mum | C30: 34000 | D30: 25 | E30: 0.2
B31: FM_Pune | C31: 32500 | D31: 25 | E31: 0.2
A32: West Total | C32: 66500 | D32: 50 | E32: 0.2
A33: Grand Total | C33: 266000 | D33: 200 | E33: 0.2

Sheet Sheet1
A1: Store_ID | B1: Date | C1: Product_ID | D1: Units_Sold | E1: Revenue | F1: Profit | G1: Product_Name | H1: Category | I1: City | J1: Region | K1: Store_Name | L1: Profit_Margin
A2: 1 | B2: 46023 | C2: 101 | D2: 5 | E2: 5000 | F2: 1000 | G2: =VLOOKUP(C2, Sheet2!$A$2:$D$9, 2, FALSE) -> T-Shirt | H2: =VLOOKUP(C2, Sheet2!$A$2:$D$9, 3, FALSE) -> Clothing | I2: =VLOOKUP(A2, Sheet3!$A$2:$D$201, 3, FALSE) -> Hyderabad | J2: =VLOOKUP(A2, Sheet3!$A$2:$D$201, 4, FALSE) -> South | K2: =VLOOKUP(A2, Sheet3!$A$2:$D$201, 2, FALSE) -> FM_Hyd | L2: =F2/E2 -> 0.2
A3: 2 | B3: 46054 | C3: 102 | D3: 3 | E3: 6000 | F3: 1200 | G3: =VLOOKUP(C3, Sheet2!$A$2:$D$9, 2, FALSE) -> Jeans | H3: =VLOOKUP(C3, Sheet2!$A$2:$D$9, 3, FALSE) -> Clothing | I3: =VLOOKUP(A10, Sheet3!$A$2:$D$201, 3, FALSE) -> Hyderabad | J3: =VLOOKUP(A3, Sheet3!$A$2:$D$201, 4, FALSE) -> South | K3: =VLOOKUP(A3, Sheet3!$A$2:$D$201, 2, FALSE) -> FM_Blr | L3: =F3/E3 -> 0.2
A4: 3 | B4: 46082 | C4: 103 | D4: 4 | E4: 8000 | F4: 1600 | G4: =VLOOKUP(C4, Sheet2!$A$2:$D$9, 2, FALSE) -> Shoes | H4: =VLOOKUP(C4, Sheet2!$A$2:$D$9, 3, FALSE) -> Footwear | I4: =VLOOKUP(A11, Sheet3!$A$2:$D$201, 3, FALSE) -> Bangalore | J4: =VLOOKUP(A4, Sheet3!$A$2:$D$201, 4, FALSE) -> West | K4: =VLOOKUP(A4, Sheet3!$A$2:$D$201, 2, FALSE) -> FM_Mum | L4: =F4/E4 -> 0.2
A5: 4 | B5: 46113 | C5: 104 | D5: 2 | E5: 4000 | F5: 800 | G5: =VLOOKUP(C5, Sheet2!$A$2:$D$9, 2, FALSE) -> Jacket | H5: =VLOOKUP(C5, Sheet2!$A$2:$D$9, 3, FALSE) -> Clothing | I5: =VLOOKUP(A12, Sheet3!$A$2:$D$201, 3, FALSE) -> Mumbai | J5: =VLOOKUP(A5, Sheet3!$A$2:$D$201, 4, FALSE) -> West | K5: =VLOOKUP(A5, Sheet3!$A$2:$D$201, 2, FALSE) -> FM_Pune | L5: =F5/E5 -> 0.2
A6: 5 | B6: 46143 | C6: 105 | D6: 6 | E6: 9000 | F6: 1800 | G6: =VLOOKUP(C6, Sheet2!$A$2:$D$9, 2, FALSE) -> Sandals | H6: =VLOOKUP(C6, Sheet2!$A$2:$D$9, 3, FALSE) -> Footwear | I6: =VLOOKUP(A13, Sheet3!$A$2:$D$201, 3, FALSE) -> Pune | J6: =VLOOKUP(A6, Sheet3!$A$2:$D$201, 4, FALSE) -> North | K6: =VLOOKUP(A6, Sheet3!$A$2:$D$201, 2, FALSE) -> FM_Del | L6: =F6/E6 -> 0.2
A7: 6 | B7: 46174 | C7: 106 | D7: 5 | E7: 7500 | F7: 1500 | G7: =VLOOKUP(C7, Sheet2!$A$2:$D$9, 2, FALSE) -> Shirt | H7: =VLOOKUP(C7, Sheet2!$A$2:$D$9, 3, FALSE) -> Clothing | I7: =VLOOKUP(A14, Sheet3!$A$2:$D$201, 3, FALSE) -> Delhi | J7: =VLOOKUP(A7, Sheet3!$A$2:$D$201, 4, FALSE) -> North | K7: =VLOOKUP(A7, Sheet3!$A$2:$D$201, 2, FALSE) -> FM_Jaipur | L7: =F7/E7 -> 0.2
A8: 7 | B8: 46204 | C8: 107 | D8: 3 | E8: 6000 | F8: 1200 | G8: =VLOOKUP(C8, Sheet2!$A$2:$D$9, 2, FALSE) -> Sneakers | H8: =VLOOKUP(C8, Sheet2!$A$2:$D$9, 3, FALSE) -> Footwear | I8: =VLOOKUP(A15, Sheet3!$A$2:$D$201, 3, FALSE) -> Jaipur | J8: =VLOOKUP(A8, Sheet3!$A$2:$D$201, 4, FALSE) -> East | K8: =VLOOKUP(A8, Sheet3!$A$2:$D$201, 2, FALSE) -> FM_Kol | L8: =F8/E8 -> 0.2
A9: 8 | B9: 46235 | C9: 108 | D9: 4 | E9: 7000 | F9: 1400 | G9: =VLOOKUP(C9, Sheet2!$A$2:$D$9, 2, FALSE) -> Hoodie | H9: =VLOOKUP(C9, Sheet2!$A$2:$D$9, 3, FALSE) -> Clothing | I9: =VLOOKUP(A16, Sheet3!$A$2:$D$201, 3, FALSE) -> Kolkata | J9: =VLOOKUP(A9, Sheet3!$A$2:$D$201, 4, FALSE) -> South | K9: =VLOOKUP(A9, Sheet3!$A$2:$D$201, 2, FALSE) -> FM_Chennai | L9: =F9/E9 -> 0.2
A10: 9 | B10: 46266 | C10: 101 | D10: 6 | E10: 6000 | F10: 1200 | G10: =VLOOKUP(C10, Sheet2!$A$2:$D$9, 2, FALSE) -> T-Shirt | H10: =VLOOKUP(C10, Sheet2!$A$2:$D$9, 3, FALSE) -> Clothing | I10: =VLOOKUP(A17, Sheet3!$A$2:$D$201, 3, FALSE) -> Chennai | J10: =VLOOKUP(A10, Sheet3!$A$2:$D$201, 4, FALSE) -> South | K10: =VLOOKUP(A10, Sheet3!$A$2:$D$201, 2, FALSE) -> FM_Hyd | L10: =F10/E10 -> 0.2
A11: 10 | B11: 46296 | C11: 102 | D11: 4 | E11: 8000 | F11: 1600 | G11: =VLOOKUP(C11, Sheet2!$A$2:$D$9, 2, FALSE) -> Jeans | H11: =VLOOKUP(C11, Sheet2!$A$2:$D$9, 3, FALSE) -> Clothing | I11: =VLOOKUP(A18, Sheet3!$A$2:$D$201, 3, FALSE) -> Hyderabad | J11: =VLOOKUP(A11, Sheet3!$A$2:$D$201, 4, FALSE) -> South | K11: =VLOOKUP(A11, Sheet3!$A$2:$D$201, 2, FALSE) -> FM_Blr | L11: =F11/E11 -> 0.2
A12: 11 | B12: 46023 | C12: 101 | D12: 5 | E12: 5000 | F12: 1000 | G12: =VLOOKUP(C12, Sheet2!$A$2:$D$9, 2, FALSE) -> T-Shirt | H12: =VLOOKUP(C12, Sheet2!$A$2:$D$9, 3, FALSE) -> Clothing | I12: =VLOOKUP(A19, Sheet3!$A$2:$D$201, 3, FALSE) -> Bangalore | J12: =VLOOKUP(A12, Sheet3!$A$2:$D$201, 4, FALSE) -> West | K12: =VLOOKUP(A12, Sheet3!$A$2:$D$201, 2, FALSE) -> FM_Mum | L12: =F12/E12 -> 0.2
A13: 12 | B13: 46054 | C13: 102 | D13: 3 | E13: 6000 | F13: 1200 | G13: =VLOOKUP(C13, Sheet2!$A$2:$D$9, 2, FALSE) -> Jeans | H13: =VLOOKUP(C13, Sheet2!$A$2:$D$9, 3, FALSE) -> Clothing | I13: =VLOOKUP(A20, Sheet3!$A$2:$D$201, 3, FALSE) -> Mumbai | J13: =VLOOKUP(A13, Sheet3!$A$2:$D$201, 4, FALSE) -> West | K13: =VLOOKUP(A13, Sheet3!$A$2:$D$201, 2, FALSE) -> FM_Pune | L13: =F13/E13 -> 0.2
A14: 13 | B14: 46082 | C14: 103 | D14: 4 | E14: 8000 | F14: 1600 | G14: =VLOOKUP(C14, Sheet2!$A$2:$D$9, 2, FALSE) -> Shoes | H14: =VLOOKUP(C14, Sheet2!$A$2:$D$9, 3, FALSE) -> Footwear | I14: =VLOOKUP(A21, Sheet3!$A$2:$D$201, 3, FALSE) -> Pune | J14: =VLOOKUP(A14, Sheet3!$A$2:$D$201, 4, FALSE) -> North | K14: =VLOOKUP(A14, Sheet3!$A$2:$D$201, 2, FALSE) -> FM_Del | L14: =F14/E14 -> 0.2
... A194: 193 | B194: 46082 | C194: 103 | D194: 4 | E194: 8000 | F194: 1600 | G194: =VLOOKUP(C194, Sheet2!$A$2:$D$9, 2, FALSE) -> Shoes | H194: =VLOOKUP(C194, Sheet2!$A$2:$D$9, 3, FALSE) -> Footwear | I194: =VLOOKUP(A201, Sheet3!$A$2:$D$201, 3, FALSE) -> Chennai | J194: =VLOOKUP(A194, Sheet3!$A$2:$D$201, 4, FALSE) -> South | K194: =VLOOKUP(A194, Sheet3!$A$2:$D$201, 2, FALSE) -> FM_Hyd | L194: =F194/E194 -> 0.2
A195: 194 | B195: 46113 | C195: 104 | D195: 2 | E195: 4000 | F195: 800 | G195: =VLOOKUP(C195, Sheet2!$A$2:$D$9, 2, FALSE) -> Jacket | H195: =VLOOKUP(C195, Sheet2!$A$2:$D$9, 3, FALSE) -> Clothing | I195: Banglore | J195: =VLOOKUP(A195, Sheet3!$A$2:$D$201, 4, FALSE) -> South | K195: =VLOOKUP(A195, Sheet3!$A$2:$D$201, 2, FALSE) -> FM_Blr | L195: =F195/E195 -> 0.2
A196: 195 | B196: 46143 | C196: 105 | D196: 6 | E196: 9000 | F196: 1800 | G196: =VLOOKUP(C196, Sheet2!$A$2:$D$9, 2, FALSE) -> Sandals | H196: =VLOOKUP(C196, Sheet2!$A$2:$D$9, 3, FALSE) -> Footwear | I196: Mumbai | J196: =VLOOKUP(A196, Sheet3!$A$2:$D$201, 4, FALSE) -> West | K196: =VLOOKUP(A196, Sheet3!$A$2:$D$201, 2, FALSE) -> FM_Mum | L196: =F196/E196 -> 0.2
A197: 196 | B197: 46174 | C197: 106 | D197: 5 | E197: 7500 | F197: 1500 | G197: =VLOOKUP(C197, Sheet2!$A$2:$D$9, 2, FALSE) -> Shirt | H197: =VLOOKUP(C197, Sheet2!$A$2:$D$9, 3, FALSE) -> Clothing | I197: Pune | J197: =VLOOKUP(A197, Sheet3!$A$2:$D$201, 4, FALSE) -> West | K197: =VLOOKUP(A197, Sheet3!$A$2:$D$201, 2, FALSE) -> FM_Pune | L197: =F197/E197 -> 0.2
A198: 197 | B198: 46204 | C198: 107 | D198: 3 | E198: 6000 | F198: 1200 | G198: =VLOOKUP(C198, Sheet2!$A$2:$D$9, 2, FALSE) -> Sneakers | H198: =VLOOKUP(C198, Sheet2!$A$2:$D$9, 3, FALSE) -> Footwear | I198: Jaipur | J198: =VLOOKUP(A198, Sheet3!$A$2:$D$201, 4, FALSE) -> North | K198: =VLOOKUP(A198, Sheet3!$A$2:$D$201, 2, FALSE) -> FM_Del | L198: =F198/E198 -> 0.2
A199: 198 | B199: 46235 | C199: 108 | D199: 4 | E199: 7000 | F199: 1400 | G199: =VLOOKUP(C199, Sheet2!$A$2:$D$9, 2, FALSE) -> Hoodie | H199: =VLOOKUP(C199, Sheet2!$A$2:$D$9, 3, FALSE) -> Clothing | I199: Kolkata | J199: =VLOOKUP(A199, Sheet3!$A$2:$D$201, 4, FALSE) -> North | K199: =VLOOKUP(A199, Sheet3!$A$2:$D$201, 2, FALSE) -> FM_Jaipur | L199: =F199/E199 -> 0.2
A200: 199 | B200: 46266 | C200: 101 | D200: 6 | E200: 6000 | F200: 1200 | G200: =VLOOKUP(C200, Sheet2!$A$2:$D$9, 2, FALSE) -> T-Shirt | H200: =VLOOKUP(C200, Sheet2!$A$2:$D$9, 3, FALSE) -> Clothing | I200: Hyderabad | J200: =VLOOKUP(A200, Sheet3!$A$2:$D$201, 4, FALSE) -> East | K200: =VLOOKUP(A200, Sheet3!$A$2:$D$201, 2, FALSE) -> FM_Kol | L200: =F200/E200 -> 0.2
A201: 200 | B201: 46296 | C201: 102 | D201: 4 | E201: 8000 | F201: 1600 | G201: =VLOOKUP(C201, Sheet2!$A$2:$D$9, 2, FALSE) -> Jeans | H201: =VLOOKUP(C201, Sheet2!$A$2:$D$9, 3, FALSE) -> Clothing | I201: Delhi | J201: =VLOOKUP(A201, Sheet3!$A$2:$D$201, 4, FALSE) -> South | K201: =VLOOKUP(A201, Sheet3!$A$2:$D$201, 2, FALSE) -> FM_Chennai | L201: =F201/E201 -> 0.2

Sheet Sheet2
A1: Product_ID | B1: Product_Name | C1: Category | D1: Brand
A2: 101 | B2: T-Shirt | C2: Clothing | D2: Nike
A3: 102 | B3: Jeans | C3: Clothing | D3: Levis
A4: 103 | B4: Shoes | C4: Footwear | D4: Adidas
A5: 104 | B5: Jacket | C5: Clothing | D5: Puma
A6: 105 | B6: Sandals | C6: Footwear | D6: Bata
A7: 106 | B7: Shirt | C7: Clothing | D7: Zara
A8: 107 | B8: Sneakers | C8: Footwear | D8: Nike
A9: 108 | B9: Hoodie | C9: Clothing | D9: H&M
A10: 109 | B10: T-Shirt | C10: Clothing | D10: Nike
A11: 110 | B11: Jeans | C11: Clothing | D11: Levis
A12: 111 | B12: Shoes | C12: Footwear | D12: Adidas
A13: 112 | B13: Jacket | C13: Clothing | D13: Puma
... A201: 300 | B201: Hoodie | C201: Clothing | D201: H&M

Sheet Sheet3
A1: Store_ID | B1: Store_Name | C1: City | D1: Region
A2: 1 | B2: FM_Hyd | C2: Hyderabad | D2: South
A3: 2 | B3: FM_Blr | C3: Bangalore | D3: South
A4: 3 | B4: FM_Mum | C4: Mumbai | D4: West
A5: 4 | B5: FM_Pune | C5: Pune | D5: West
A6: 5 | B6: FM_Del | C6: Delhi | D6: North
A7: 6 | B7: FM_Jaipur | C7: Jaipur | D7: North
A8: 7 | B8: FM_Kol | C8: Kolkata | D8: East
A9: 8 | B9: FM_Chennai | C9: Chennai | D9: South
A10: 9 | B10: FM_Hyd | C10: Hyderabad | D10: South
A11: 10 | B11: FM_Blr | C11: Bangalore | D11: South
A12: 11 | B12: FM_Mum | C12: Mumbai | D12: West
A13: 12 | B13: FM_Pune | C13: Pune | D13: West
... A201: 200 | B201: FM_Chennai | C201: Chennai | D201: South
